case	atoms	charge	multiplicity	mopac_hof_kcal	pm7rs_hof_kcal	d_hof_kcal	mopac_homo_ev	pm7rs_homo_ev	d_homo_ev	mopac_lumo_ev	pm7rs_lumo_ev	d_lumo_ev	mopac_dipole_debye	pm7rs_dipole_debye	d_dipole_debye	worst_charge_e	mopac_s2	pm7rs_s2	d_s2
water	3	0	1	-57.782280	-57.782281	-0.000001	-12.0820	-12.0816	0.0004	4.0250	4.0254	0.0004	2.1440	2.1439	-0.0001	0.00000048			
ammonia	4	0	1	-3.727710	-3.727714	-0.000004	-10.4360	-10.4363	-0.0003	4.5490	4.5486	-0.0004	2.4090	2.4089	-0.0001	0.00000040			
formaldehyde	4	0	1	-25.417430	-25.417433	-0.000003	-10.3700	-10.3705	-0.0005	0.3780	0.3783	0.0003	2.6800	2.6800	0.0000	0.00000065			
methane	5	0	1	-14.373190	-14.373191	-0.000001	-13.6960	-13.6962	-0.0002	5.8930	5.8929	-0.0001	0.0000	0.0000	0.0000	0.00000011			
hydrogen	2	0	1	-31.748410	-31.748415	-0.000005	-15.1870	-15.1868	0.0002	7.1960	7.1962	0.0002	0.0000	0.0000	0.0000	0.00000000			
nitrogen	2	0	1	33.725530	33.725533	0.000003	-13.5510	-13.5515	-0.0005	0.0330	0.0335	0.0005	0.0000	0.0000	0.0000	0.00000000			
carbon_monoxide	2	0	1	-18.204270	-18.204275	-0.000005	-12.2980	-12.2981	-0.0001	1.6400	1.6398	-0.0002	0.6940	0.6942	0.0002	0.00000050			
hydrogen_fluoride	2	0	1	-61.570370	-61.570372	-0.000002	-15.7400	-15.7405	-0.0005	4.4860	4.4861	0.0001	1.4920	1.4922	0.0002	0.00000002			
carbon_dioxide	3	0	1	-84.346430	-84.346429	0.000001	-12.8060	-12.8060	0.0000	0.5990	0.5989	-0.0001	0.0000	0.0000	0.0000	0.00000006			
hydrogen_cyanide	3	0	1	30.119230	30.119231	0.000001	-13.7900	-13.7905	-0.0005	0.9050	0.9048	-0.0002	2.8390	2.8390	-0.0000	0.00000056			
acetylene	4	0	1	57.810710	57.810711	0.000001	-11.6270	-11.6265	0.0005	1.6050	1.6049	-0.0001	0.0000	0.0000	0.0000	0.00000045			
ethene	6	0	1	14.461660	14.461662	0.000002	-10.7040	-10.7039	0.0001	0.9560	0.9561	0.0001	0.0000	0.0000	0.0000	0.00000001			
ethane	8	0	1	-16.349770	-16.349767	0.000003	-12.0290	-12.0287	0.0003	4.3600	4.3597	-0.0003	0.0000	0.0000	0.0000	0.00000064			
methanol	6	0	1	-47.541440	-47.541442	-0.000002	-10.7250	-10.7253	-0.0003	2.8410	2.8408	-0.0002	2.0730	2.0730	-0.0000	0.00000095			
methylamine	7	0	1	9.337790	9.337789	-0.000001	-8.5450	-8.5455	-0.0005	3.4780	3.4779	-0.0001	0.4220	0.4221	0.0001	0.00000049			
hydrogen_peroxide	4	0	1	-24.143870	-24.143865	0.000005	-11.2890	-11.2892	-0.0002	0.3060	0.3060	0.0000	1.9270	1.9273	0.0003	0.00000028			
hydrazine	6	0	1	45.139870	45.139873	0.000003	-8.8280	-8.8283	-0.0003	2.6520	2.6524	0.0004	0.0000	0.0000	0.0000	0.00000034			
nitrous_oxide	3	0	1	28.054160	28.054163	0.000003	-11.9220	-11.9216	0.0004	0.0170	0.0165	-0.0005	0.4410	0.4406	-0.0004	0.00000018			
ozone	3	0	1	45.880570	45.880575	0.000005	-12.0320	-12.0317	0.0003	-2.3830	-2.3829	0.0001	2.5780	2.5782	0.0002	0.00000036			
allene	7	0	1	39.714690	39.714691	0.000001	-10.4050	-10.4047	0.0003	0.9210	0.9207	-0.0003	0.0000	0.0000	0.0000	0.00000107			
hydrogen_sulfide	3	0	1	-2.608800	-2.608796	0.000004	-9.3610	-9.3614	-0.0004	-0.8110	-0.8115	-0.0005	1.8200	1.8197	-0.0003	0.00000048			
sulfur_dioxide	3	0	1	-64.116480	-64.116475	0.000005	-10.2790	-10.2792	-0.0002	-0.7870	-0.7871	-0.0001	3.2920	3.2921	0.0001	0.00000002			
phosphorus_trifluoride	4	0	1	-136.601810	-136.601814	-0.000004	-9.1310	-9.1312	-0.0002	0.8250	0.8246	-0.0004	0.7950	0.7947	-0.0003	0.00000032			
silane	5	0	1	13.484830	13.484826	-0.000004	-12.4740	-12.4745	-0.0005	2.4880	2.4876	-0.0004	0.0000	0.0000	0.0000	0.00000030			
phosphine	4	0	1	5.891750	5.891751	0.000001	-11.8510	-11.8506	0.0004	0.9700	0.9701	0.0001	2.2410	2.2407	-0.0003	0.00000002			
borane	4	0	1	23.950980	23.950983	0.000003	-12.0110	-12.0111	-0.0001	-0.3450	-0.3446	0.0004	0.0000	0.0000	0.0000	0.00000038			
boron_trifluoride	4	0	1	-271.271330	-271.271330	0.000000	-14.8610	-14.8611	-0.0001	-0.7250	-0.7252	-0.0002	0.0000	0.0000	0.0000	0.00000034			
aluminium_trichloride	4	0	1	-137.650820	-137.650814	0.000006	-11.1030	-11.1032	-0.0002	-1.1550	-1.1545	0.0005	0.0000	0.0000	0.0000	0.00000037			
silicon_tetrafluoride	5	0	1	-365.079180	-365.079183	-0.000003	-15.7070	-15.7072	-0.0002	-0.7000	-0.6997	0.0003	0.0000	0.0000	0.0000	0.00000031			
carbon_tetrachloride	5	0	1	-21.085030	-21.085030	0.000000	-12.0240	-12.0240	-0.0000	-1.5560	-1.5562	-0.0002	0.0000	0.0000	0.0000	0.00000021			
sulfur_hexafluoride	7	0	1	-291.317820	-291.317814	0.000006	-15.7080	-15.7084	-0.0004	-1.1060	-1.1057	0.0003	0.0000	0.0000	0.0000	0.00000078			
carbon_disulfide	3	0	1	40.382680	40.382677	-0.000003	-9.1280	-9.1284	-0.0004	-1.7390	-1.7395	-0.0005	0.0000	0.0000	0.0000	0.00000129			
carbonyl_sulfide	3	0	1	-24.511070	-24.511081	-0.000011	-10.1540	-10.1536	0.0004	-1.1570	-1.1569	0.0001	0.0690	0.0687	-0.0003	0.00000094			
thioformaldehyde	4	0	1	34.831370	34.831398	0.000028	-8.8340	-8.8342	-0.0002	-1.3850	-1.3850	-0.0000	1.5240	1.5241	0.0001	0.00000050			
methanethiol	6	0	1	-3.137130	-3.137090	0.000040	-8.8570	-8.8570	-0.0000	-0.1850	-0.1847	0.0003	2.0010	2.0008	-0.0002	0.00000050			
silanol	6	0	1	-66.180390	-66.179948	0.000442	-11.6160	-11.6165	-0.0005	1.1630	1.1630	0.0000	1.8940	1.8940	0.0000	0.00000100			
hydrogen_chloride	2	0	1	-20.483190	-20.483193	-0.000003	-11.7280	-11.7285	-0.0005	2.0850	2.0854	0.0004	1.7400	1.7404	0.0004	0.00000035			
hydrogen_bromide	2	0	1	-3.369500	-3.369498	0.000002	-10.6430	-10.6428	0.0002	2.1850	2.1854	0.0004	1.5700	1.5696	-0.0004	0.00000013			
hydrogen_iodide	2	0	1	0.062530	0.062529	-0.000001	-9.5670	-9.5670	-0.0000	2.2280	2.2283	0.0003	2.2450	2.2448	-0.0002	0.00000010			
chlorine	2	0	1	4.957780	4.957784	0.000004	-11.3910	-11.3907	0.0003	-2.2150	-2.2153	-0.0003	0.0000	0.0000	0.0000	0.00000000			
bromine	2	0	1	9.139720	9.139716	-0.000004	-10.4160	-10.4157	0.0003	-2.0500	-2.0495	0.0005	0.0000	0.0000	0.0000	0.00000000			
iodine	2	0	1	13.779490	13.779491	0.000001	-9.0950	-9.0948	0.0002	-1.5680	-1.5676	0.0004	0.0000	0.0000	0.0000	0.00000000			
chloromethane	5	0	1	-16.336920	-16.336871	0.000049	-10.9470	-10.9473	-0.0003	0.8030	0.8028	-0.0002	2.1450	2.1447	-0.0003	0.00000075			
bromomethane	5	0	1	-7.401990	-7.401942	0.000048	-10.1960	-10.1965	-0.0005	0.6510	0.6512	0.0002	1.7890	1.7887	-0.0003	0.00000038			
iodomethane	5	0	1	3.614630	3.614678	0.000048	-9.0160	-9.0157	0.0003	0.6910	0.6914	0.0004	2.0370	2.0366	-0.0004	0.00000086			
chloroform	5	0	1	-19.646460	-19.646444	0.000016	-11.6450	-11.6446	0.0004	-0.6970	-0.6967	0.0003	1.5210	1.5212	0.0002	0.00000044			
chlorobenzene	12	0	1	14.901190	14.901265	0.000075	-9.8980	-9.8976	0.0004	-0.3030	-0.3026	0.0004	2.3040	2.3044	0.0004	0.00000109			
lithium_hydride	2	0	1	53.388060	53.388060	0.000000	-7.3400	-7.3402	-0.0002	4.1560	4.1557	-0.0003	3.1840	3.1840	-0.0000	0.00000030			
lithium_fluoride	2	0	1	-79.234140	-79.234139	0.000001	-10.9870	-10.9865	0.0005	2.7010	2.7007	-0.0003	6.8550	6.8554	0.0004	0.00000025			
sodium_chloride	2	0	1	-35.675820	-35.675817	0.000003	-9.7790	-9.7788	0.0002	1.6040	1.6038	-0.0002	9.2000	9.2001	0.0001	0.00000025			
potassium_bromide	2	0	1	-36.719040	-36.719040	-0.000000	-8.8710	-8.8714	-0.0004	-0.4350	-0.4351	-0.0001	10.0920	10.0923	0.0003	0.00000054			
beryllium_dihydride	3	0	1	8.580460	8.580465	0.000005	-11.7020	-11.7021	-0.0001	4.4910	4.4915	0.0005	0.0000	0.0000	0.0000	0.00000012			
magnesium_dichloride	3	0	1	-81.484150	-81.484148	0.000002	-11.3240	-11.3239	0.0001	-0.1590	-0.1590	-0.0000	0.0000	0.0000	0.0000	0.00000031			
calcium_difluoride	3	0	1	-141.665640	-141.665640	0.000000	-11.8340	-11.8336	0.0004	-0.9330	-0.9333	-0.0003	5.2270	5.2268	-0.0002	0.00000048			
benzene	12	0	1	23.001290	23.001288	-0.000002	-9.8100	-9.8104	-0.0004	0.2240	0.2242	0.0002	0.0000	0.0000	0.0000	0.00000002			
butadiene	10	0	1	28.435720	28.435723	0.000003	-9.5660	-9.5665	-0.0005	0.0410	0.0409	-0.0001	0.0000	0.0000	0.0000	0.00000052			
pyridine	11	0	1	36.813320	36.813319	-0.000001	-10.2870	-10.2868	0.0002	-0.2990	-0.2993	-0.0003	2.5200	2.5203	0.0003	0.00000086			
furan	9	0	1	25.010930	25.010929	-0.000001	-9.5990	-9.5985	0.0005	0.6610	0.6607	-0.0003	0.1300	0.1303	0.0003	0.00000090			
thiophene	9	0	1	78.361700	78.361758	0.000058	-8.9380	-8.9385	-0.0005	0.1890	0.1892	0.0002	0.7570	0.7572	0.0002	0.00000048			
pyrrole	10	0	1	32.779640	32.779643	0.000003	-8.9520	-8.9518	0.0002	1.1510	1.1512	0.0002	2.4360	2.4358	-0.0002	0.00000038			
imidazole	9	0	1	38.701510	38.701514	0.000004	-9.5600	-9.5603	-0.0003	0.6150	0.6152	0.0002	4.5290	4.5286	-0.0004	0.00000055			
naphthalene_like	18	0	1	229.241390	229.241389	-0.000001	-8.6790	-8.6792	-0.0002	-0.6920	-0.6921	-0.0001	0.0000	0.0000	0.0000	0.00000055			
phenol	13	0	1	-20.990990	-20.990993	-0.000003	-9.2860	-9.2862	-0.0002	0.0020	0.0016	-0.0004	1.3410	1.3413	0.0003	0.00000094			
aniline	14	0	1	22.424250	22.424254	0.000004	-8.3910	-8.3908	0.0002	0.3210	0.3214	0.0004	1.6300	1.6298	-0.0002	0.00000115			
toluene	15	0	1	13.745960	13.745965	0.000005	-9.4570	-9.4565	0.0005	0.2790	0.2792	0.0002	0.5020	0.5019	-0.0001	0.00000131			
cyclopropane	9	0	1	12.598280	12.598284	0.000004	-11.5810	-11.5811	-0.0001	2.5520	2.5521	0.0001	0.0010	0.0011	0.0001	0.00000045			
cubane	16	0	1	127.640990	127.640989	-0.000001	-10.4880	-10.4884	-0.0004	2.8690	2.8688	-0.0002	0.0000	0.0000	0.0000	0.00000044			
hydroxide	2	-1	1	-32.039800	-32.039796	0.000004	-1.7850	-1.7849	0.0001	14.8790	14.8794	0.0004	1.7070	1.7067	-0.0003	0.00000015			
ammonium	5	1	1	154.933470	154.933468	-0.000002	-24.5370	-24.5373	-0.0003	-4.4070	-4.4073	-0.0003	0.0000	0.0000	0.0000	0.00000021			
hydronium	4	1	1	149.528720	149.528724	0.000004	-22.9340	-22.9335	0.0005	-6.6950	-6.6951	-0.0001	1.8190	1.8189	-0.0001	0.00000051			
fluoride	1	-1	1	-58.650470	-58.650469	0.000001		-3.3625					0.0000	0.0000	0.0000	0.00000000			
chloride	1	-1	1	-59.864570	-59.864574	-0.000004	-3.8530	1.6538	5.5068	85.0440	94.3942	9.3502	0.0000	0.0000	0.0000	0.00000000			
cyanide	2	-1	1	31.816790	31.816787	-0.000003	-3.2800	-3.2799	0.0001	9.7290	9.7290	-0.0000	0.3240	0.3236	-0.0004	0.00000029			
nitrate	4	-1	1	-80.894410	-80.894412	-0.000002	-5.2500	-5.2504	-0.0004	6.5530	6.5531	0.0001	0.0000	0.0000	0.0000	0.00000037			
carbonate	4	-2	1	-67.124150	-67.124149	0.000001	1.5730	1.5734	0.0004	14.8350	14.8348	-0.0002	0.0000	0.0000	0.0000	0.00000071			
sulfate	5	-2	1	-131.068080	-131.068082	-0.000002	0.1190	0.1194	0.0004	13.7550	13.7551	0.0001	0.0000	0.0000	0.0000	0.00000135			
acetate	7	-1	1	-124.796630	-124.796633	-0.000003	-4.2640	-4.2636	0.0004	8.0340	8.0343	0.0003	4.6480	4.6480	0.0000	0.00000051			
methyl_cation	4	1	1	252.378630	252.378633	0.000003	-22.8140	-22.8139	0.0001	-9.4950	-9.4953	-0.0003	0.0000	0.0000	0.0000	0.00000071			
methyl_anion	4	-1	1	49.651170	49.651168	-0.000002	0.0230	0.0226	-0.0004	14.3710	14.3706	-0.0004	2.1130	2.1133	0.0003	0.00000047			
methylammonium	8	1	1	152.167800	152.167801	0.000001	-19.5440	-19.5437	0.0003	-4.4950	-4.4954	-0.0004	2.3470	2.3474	0.0004	0.00000071			
methyl_radical	4	0	2	28.643500	28.643497	-0.000003	-9.8970	-9.8970	-0.0000	6.0530	6.0529	-0.0001	0.0010	0.0008	-0.0002	0.00000075	0.753073	0.753073	0.000000
hydroxyl_radical	2	0	2	7.261680	7.261677	-0.000003	-12.2280	-12.2280	-0.0000	4.5010	4.5011	0.0001	1.3950	1.3952	0.0002	0.00000023	0.753313	0.753313	0.000000
nitric_oxide	2	0	2	22.604840	22.604840	0.000000	-9.9520	-9.9522	-0.0002	-1.0550	-1.0546	0.0004	1.0580	1.0579	-0.0001	0.00000025	0.752386	0.752386	-0.000000
nitrogen_dioxide	3	0	2	-4.599690	-4.599692	-0.000002	-10.8850	-10.8854	-0.0004	-0.6330	-0.6333	-0.0003	0.2600	0.2600	-0.0000	0.00000046	0.763241	0.763241	-0.000000
chlorine_dioxide	3	0	2	42.992380	42.992378	-0.000002	-10.4410	-10.4411	-0.0001	-0.6400	-0.6402	-0.0002	4.9150	4.9148	-0.0002	0.00000062	0.755045	0.755045	0.000000
ethyl_radical	7	0	2	16.784620	16.784624	0.000004	-9.1590	-9.1586	0.0004	4.5450	4.5450	0.0000	0.3410	0.3410	0.0000	0.00000045	0.753333	0.753333	0.000000
oxygen_triplet	2	0	3	-4.369520	-4.369524	-0.000004	-11.0690	-11.0688	0.0002	1.9960	1.9957	-0.0003	0.0000	0.0000	0.0000	0.00000000	2.002664	2.002664	0.000000
methylene_triplet	3	0	3	83.863240	83.863240	-0.000000	-9.8940	-9.8941	-0.0001	5.5920	5.5921	0.0001	0.7530	0.7525	-0.0005	0.00000024	2.004100	2.004100	-0.000000
water_dimer	6	0	1	-120.279350	-120.279347	0.000003	-11.5480	-11.5477	0.0003	3.5420	3.5421	0.0001	3.0540	3.0545	0.0005	0.00000067			
formic_acid_dimer	10	0	1	248.181810	248.206221	0.024411	-7.5320	-7.5325	-0.0005	0.7400	0.7400	0.0000	0.0000	0.0000	0.0000	0.00000086			
ammonia_water	7	0	1	-67.685780	-67.685779	0.000001	-10.8060	-10.8056	0.0004	3.8760	3.8758	-0.0002	4.2170	4.2167	-0.0003	0.00000065			
benzene_dimer_stacked	24	0	1	41.282120	41.282125	0.000005	-9.5160	-9.5164	-0.0004	0.3450	0.3450	0.0000	0.0000	0.0000	0.0000	0.00000052			
methane_dimer	10	0	1	-29.207250	-29.207246	0.000004	-13.4290	-13.4294	-0.0004	5.8720	5.8722	0.0002	0.0000	0.0000	0.0000	0.00000035			
glycine	10	0	1	-74.597200	-74.597198	0.000002	-9.1080	-9.1079	0.0001	0.6470	0.6467	-0.0003	1.5130	1.5133	0.0003	0.00000067			
alkane_c20	62	0	1	3799.514270	3799.514273	0.000003	-9.0720	-9.0721	-0.0001	-1.6650	-1.6652	-0.0002	0.0000	0.0000	0.0000	0.00000513			
alkane_c30	92	0	1	5767.923590	5767.923591	0.000001	-9.1080	-9.1077	0.0003	-1.8620	-1.8615	0.0005	0.0000	0.0000	0.0000	0.00000423			
hf_chain_8	16	0	1	-459.542950	-459.542950	0.000000	-14.9710	-14.9711	-0.0001	2.9960	2.9956	-0.0004	13.8300	13.8298	-0.0002	0.00000045			
water_wire_8	24	0	1	-460.924850	-460.924846	0.000004	-11.3230	-11.3235	-0.0005	2.5400	2.5395	-0.0005	18.1870	18.1867	-0.0003	0.00000056			
water_wire_12	36	0	1	-691.490830	-691.490832	-0.000002	-11.2990	-11.2986	0.0004	2.5000	2.5004	0.0004	27.3720	27.3721	0.0001	0.00000049			
water_wire_8_anion	23	-1	1	-462.507810	-462.507814	-0.000004	-3.0080	-3.0075	0.0005	4.1220	4.1220	0.0000	36.5030	36.5027	-0.0003	0.00000068			
helium	1	0	1	0.000000	0.000000	0.000000	-22.3260	-22.3257	0.0003	16.2470	16.2465	-0.0005	0.0000	0.0000	0.0000	0.00000000			
neon	1	0	1	-0.000000	0.000000	0.000000	-5.3020	-5.3021	-0.0001	93.0650	93.0651	0.0001	0.0000	0.0000	0.0000	0.00000000			
argon	1	0	1	-0.000000	0.000000	0.000000	-4.8640	-4.8638	0.0002	3.4890	3.4891	0.0001	0.0000	0.0000	0.0000	0.00000000			
krypton	1	0	1	0.000000	0.000000	0.000000	-5.8500	-5.8496	0.0004	14.6880	14.6876	-0.0004	0.0000	0.0000	0.0000	0.00000000			
xenon	1	0	1	-0.000000	0.000000	0.000000	-13.3240	-13.3241	-0.0001	-9.2980	-9.2975	0.0005	0.0000	0.0000	0.0000	0.00000000			
rubidium_chloride	2	0	1	-52.618420	-52.618423	-0.000003	-8.8890	-8.8892	-0.0002	1.4040	1.4042	0.0002	11.8160	11.8156	-0.0004	0.00000029			
caesium_chloride	2	0	1	-50.749960	-50.749962	-0.000002	-8.8930	-8.8925	0.0005	1.9920	1.9922	0.0002	12.0980	12.0977	-0.0003	0.00000007			
strontium_dichloride	3	0	1	-103.345390	-103.345386	0.000004	-10.3190	-10.3191	-0.0001	-0.8560	-0.8555	0.0005	0.0000	0.0000	0.0000	0.00000063			
barium_dichloride	3	0	1	-102.398830	-102.398827	0.000003	-10.4020	-10.4023	-0.0003	-0.3490	-0.3490	-0.0000	0.0000	0.0000	0.0000	0.00000043			
gallium_trichloride	4	0	1	-91.166240	-91.166237	0.000003	-12.0230	-12.0225	0.0005	-1.0820	-1.0825	-0.0005	0.0000	0.0000	0.0000	0.00000016			
germane	5	0	1	25.348800	25.348820	0.000020	-11.9510	-11.9510	-0.0000	1.2460	1.2457	-0.0003	0.0000	0.0000	0.0000	0.00000074			
arsine	4	0	1	-3.938560	-3.938561	-0.000001	-9.7230	-9.7231	-0.0001	-1.3330	-1.3329	0.0001	1.0900	1.0900	0.0000	0.00000033			
hydrogen_selenide	3	0	1	-7.354460	-7.355058	-0.000598	-8.2930	-8.2931	-0.0001	1.1600	1.1603	0.0003	1.4870	1.4870	-0.0000	0.00000035			
indium_trichloride	4	0	1	-63.851290	-63.851289	0.000001	-11.7070	-11.7067	0.0003	-1.8070	-1.8071	-0.0001	0.0000	0.0000	0.0000	0.00000069			
stannane	5	0	1	44.727960	44.727962	0.000002	-11.3420	-11.3419	0.0001	3.1120	3.1116	-0.0004	0.0000	0.0000	0.0000	0.00000027			
stibine	4	0	1	40.428200	40.428203	0.000003	-10.2340	-10.2344	-0.0004	1.8620	1.8616	-0.0004	0.6790	0.6794	0.0004	0.00000095			
hydrogen_telluride	3	0	1	12.938890	12.938864	-0.000026	-8.0350	-8.0350	0.0000	3.0210	3.0207	-0.0003	3.6590	3.6591	0.0001	0.00000031			
thallium_chloride	2	0	1	-14.687220	-14.687220	0.000000	-10.3070	-10.3075	-0.0005	-1.2230	-1.2233	-0.0003	6.1630	6.1630	-0.0000	0.00000049			
lead_dichloride	3	0	1	-25.647200	-25.647195	0.000005	-10.6050	-10.6045	0.0005	-2.0150	-2.0152	-0.0002	7.2300	7.2301	0.0001	0.00000023			
bismuth_trichloride	4	0	1	-47.591730	-47.591732	-0.000002	-10.5180	-10.5183	-0.0003	-2.5450	-2.5452	-0.0002	4.5090	4.5086	-0.0004	0.00000049			
scandium_trifluoride	4	0	1	-220.231810	-220.231795	0.000015	-15.8330	-15.8329	0.0001	-1.7240	-1.7236	0.0004	0.0000	0.0000	0.0000	0.00000058			
titanium_tetrachloride	5	0	1	-162.608640	-162.965583	-0.356943	-11.4080	-11.4079	0.0001	-2.2360	-2.2354	0.0006	0.0000	0.0000	0.0000	0.00006613			
vanadium_oxytrichloride	5	0	1	-62.353870	-62.353835	0.000035	-10.3550	-10.3549	0.0001	-3.2590	-3.2586	0.0004	3.2730	3.2732	0.0002	0.00000040			
chromyl_chloride	5	0	1	-95.183430	-95.183424	0.000006	-11.5020	-11.5018	0.0002	-2.3650	-2.3649	0.0001	3.3560	3.3556	-0.0004	0.00000045			
permanganate	5	-1	1	-157.600230	-157.600220	0.000010	-5.1460	-5.1463	-0.0003	4.1210	4.1210	-0.0000	0.0000	0.0000	0.0000	0.00000100			
yttrium_trichloride	4	0	1	-150.189050	-150.189039	0.000011	-11.8600	-11.8596	0.0004	-1.1020	-1.1022	-0.0002	0.0000	0.0000	0.0000	0.00000009			
zirconium_tetrachloride	5	0	1	-193.732410	-193.732395	0.000015	-11.2920	-11.2916	0.0004	-0.4630	-0.4627	0.0003	0.0000	0.0000	0.0000	0.00000050			
niobium_pentachloride	6	0	1	-155.898980	-155.898983	-0.000003	-10.9120	-10.9115	0.0005	-1.6520	-1.6523	-0.0003	0.0000	0.0000	0.0000	0.00000042			
molybdenum_hexafluoride	7	0	1	-354.190680	-354.190672	0.000008	-15.5540	-15.5539	0.0001	-2.6020	-2.6019	0.0001	0.0000	0.0000	0.0000	0.00000077			
pertechnetate	5	-1	1	-144.074920	-144.074859	0.000061	-7.2070	-7.2073	-0.0003	3.2400	3.2396	-0.0004	0.0000	0.0000	0.0000	0.00000192			
lanthanum_trichloride	4	0	1	-148.037850	-148.037838	0.000012	-11.8930	-11.8934	-0.0004	-3.1680	-3.1677	0.0003	0.0000	0.0000	0.0000	0.00000033			
lutetium_trifluoride	4	0	1	201.169880	201.158057	-0.011823	-12.0440	-12.0444	-0.0004	-5.0550	-5.0554	-0.0004	0.0000	0.0000	0.0000	0.00001045			
hafnium_tetrachloride	5	0	1	-174.369080	-174.369061	0.000019	-11.8370	-11.8372	-0.0002	-2.3420	-2.3424	-0.0004	0.0000	0.0000	0.0000	0.00000058			
tantalum_pentachloride	6	0	1	-193.348330	-193.348337	-0.000007	-10.4250	-10.4251	-0.0001	-2.4020	-2.4016	0.0004	0.0000	0.0000	0.0000	0.00000041			
tungsten_hexafluoride	7	0	1	-379.480450	-379.480460	-0.000010	-16.4540	-16.4538	0.0002	-1.9660	-1.9656	0.0004	0.0000	0.0000	0.0000	0.00000117			
perrhenate	5	-1	1	-149.684070	-149.709499	-0.025429	-7.3290	-7.3293	-0.0003	6.2410	6.2414	0.0004	0.0000	0.0000	0.0000	0.00006652			
osmium_tetroxide	5	0	1	-70.515860	-70.515836	0.000024	-12.8390	-12.8392	-0.0002	-3.2220	-3.2225	-0.0005	0.0000	0.0000	0.0000	0.00000030			
copper_chloride	2	0	1	8.214560	13.392331	5.177771	-9.6920	-9.6370	0.0550	2.0870	1.9605	-0.1265	6.5630	6.6971	0.1341	0.01933926			
zinc_dichloride	3	0	1	-48.417880	-48.417885	-0.000005	-11.2790	-11.2787	0.0003	0.4250	0.4246	-0.0004	0.0000	0.0000	0.0000	0.00000044			
silver_chloride	2	0	1	18.933220	22.753151	3.819931	-9.9080	-9.8536	0.0544	-0.2820	-0.3531	-0.0711	6.0260	6.1037	0.0777	0.01232044			
cadmium_dichloride	3	0	1	-27.694860	-27.694862	-0.000002	-11.4230	-11.4229	0.0001	-2.6350	-2.6345	0.0005	0.0000	0.0000	0.0000	0.00000059			
mercury_dichloride	3	0	1	-25.292280	-25.292279	0.000001	-11.5030	-11.5028	0.0002	-1.4230	-1.4227	0.0003	0.0000	0.0000	0.0000	0.00000055			
tetrachloropalladate	5	-2	1	-90.150810	-90.150822	-0.000012	-0.0830	-0.0832	-0.0002	7.3270	7.3268	-0.0002	0.0000	0.0000	0.0000	0.00000025			
tetrachloroplatinate	5	-2	1	-88.954560	-88.954563	-0.000003	-0.0130	-0.0131	-0.0001	7.9030	7.9033	0.0003	0.0000	0.0000	0.0000	0.00000023			
gold_chloride	2	0	1	61.789470	61.789465	-0.000005	-10.8660	-10.8658	0.0002	-0.9440	-0.9443	-0.0003	2.7710	2.7714	0.0004	0.00000018			
thorium_tetrafluoride	5	0	1																
californium_trifluoride	4	0	1		18.050716			-11.0990			-7.3809			0.3377					
nobelium_trifluoride	4	0	1		-1725777.893185			-12.0350			-8.3518			0.0000					
nickel_tetracarbonyl	9	0	1	-146.775210	-146.775224	-0.000014	-7.2770	-7.2774	-0.0004	0.9440	0.9443	0.0003	0.0000	0.0000	0.0000	0.00000022			
iron_pentacarbonyl	11	0	1	-196.968730	-196.968755	-0.000025	-9.0340	-9.0337	0.0003	-1.0210	-1.0209	0.0001	0.0000	0.0000	0.0000	0.00000024			
chromium_hexacarbonyl	13	0	1	-206.068570	-206.068609	-0.000039	-9.9370	-9.9369	0.0001	-0.1720	-0.1723	-0.0003	0.0000	0.0000	0.0000	0.00000025			
molybdenum_hexacarbonyl	13	0	1	-206.124840	-206.124869	-0.000029	-9.6910	-9.6909	0.0001	-0.0940	-0.0936	0.0004	0.0000	0.0000	0.0000	0.00000046			
tungsten_hexacarbonyl	13	0	1	-206.440190	-206.440252	-0.000062	-7.2810	-7.2806	0.0004	-0.3930	-0.3932	-0.0002	0.0000	0.0000	0.0000	0.00000061			
ruthenium_pentacarbonyl	11	0	1	-133.640540	-133.640574	-0.000034	-7.8110	-7.8106	0.0004	-0.9390	-0.9393	-0.0003	0.0000	0.0000	0.0000	0.00000077			
osmium_pentacarbonyl	11	0	1	-100.525650	-100.525678	-0.000028	-6.7090	-6.7090	0.0000	-0.5240	-0.5245	-0.0005	0.0000	0.0000	0.0000	0.00000048			
manganese_carbonyl_hydride	12	0	1	-190.896560	-190.896614	-0.000054	-8.5380	-8.5377	0.0003	-0.0340	-0.0337	0.0003	0.8700	0.8700	-0.0000	0.00000028			
cobalt_tetracarbonyl_anion	9	-1	1	-91.416980	-91.383846	0.033134	-2.6700	-2.6701	-0.0001	4.8960	4.8964	0.0004	0.0000	0.0000	0.0000	0.00000075			
rhodium_dicarbonyl_chloride	7	-1	1	-110.111540	-110.111530	0.000010	-5.1640	-5.1643	-0.0003	3.2940	3.2940	0.0000	8.8230	8.8233	0.0003	0.00000100			
iridium_dicarbonyl_dichloride	7	-1	1	-127.077630	-127.263508	-0.185878	-4.9280	-4.9287	-0.0007	3.9440	3.9478	0.0038	6.0210	6.0149	-0.0061	0.00234188			
ferrocene	21	0	1	279.567540	279.567715	0.000175	-9.5540	-9.5540	-0.0000	-1.0270	-1.0266	0.0004	0.0000	0.0000	0.0000	0.00000070			
dimethylzinc	9	0	1	13.769590	13.769564	-0.000026	-8.8760	-8.8764	-0.0004	3.8140	3.8142	0.0002	0.0000	0.0000	0.0000	0.00000048			
tetramethyltin	17	0	1	-1.082730	-1.082717	0.000013	-10.4960	-10.4963	-0.0003	1.8520	1.8516	-0.0004	0.0000	0.0000	0.0000	0.00000036			
methylmagnesium_chloride	6	0	1	-49.191290	-49.152756	0.038534	-10.4850	-10.4848	0.0002	0.8060	0.8063	0.0003	3.5780	3.5779	-0.0001	0.00000043			
titanocene_dichloride	23	0	1	3121.259760	3120.465454	-0.794306	-8.5120	-8.5101	0.0019	-2.3670	-2.3590	0.0080	7.9730	7.9289	-0.0441	0.00376299			
carbon_atom_triplet	1	0	3	170.890000	170.890000	0.000000	-8.2200	-8.2203	-0.0003	0.6320	0.6318	-0.0002	0.0000	0.0000	0.0000	0.00000000	2.000000	2.000000	0.000000
nitrogen_atom_quartet	1	0	4	113.000000	113.000000	-0.000000		-14.0933					0.0000	0.0000	0.0000	0.00000000	3.750000	3.750000	0.000000
oxygen_atom_triplet	1	0	3	59.559000	59.559000	-0.000000		-12.4402					0.0000	0.0000	0.0000	0.00000000	2.000000	2.000000	0.000000
fluorine_atom_doublet	1	0	2	18.890000	18.890000	-0.000000		-12.5514					0.0000	0.0000	0.0000	0.00000000	0.750000	0.750000	0.000000
phosphorus_atom_quartet	1	0	4	75.570000	75.570000	0.000000		-10.9635			104.6507		0.0000	0.0000	0.0000	0.00000000	3.750000	3.750000	0.000000
sulfur_atom_triplet	1	0	3	66.051280	66.051281	0.000001	-9.7370	-9.7374	-0.0004	-0.9630	-0.9634	-0.0004	0.0000	0.0000	0.0000	0.00000000	2.002689	2.002689	-0.000000
silicon_atom_triplet	1	0	3	108.287070	108.287070	-0.000000	-6.7530	-6.7530	-0.0000	1.7390	1.7391	0.0001	0.0000	0.0000	0.0000	0.00000000	2.000294	2.000294	0.000000
difluoroamino_radical	3	0	2	18.673150	18.673148	-0.000002	-12.6830	-12.6828	0.0002	0.3700	0.3700	-0.0000	0.4200	0.4205	0.0005	0.00000040	0.756183	0.756183	-0.000000
cyanide_radical	2	0	2	104.143150	104.143152	0.000002	-12.8350	-12.8354	-0.0004	0.9040	0.9044	0.0004	1.7420	1.7420	0.0000	0.00000007	0.754020	0.754020	-0.000000
allyl_radical	8	0	2	32.449730	32.449729	-0.000001	-9.0160	-9.0157	0.0003	1.1300	1.1302	0.0002	0.0130	0.0126	-0.0004	0.00000053	0.870539	0.870539	-0.000000
oxygen_dication_triplet	2	2	3	813.982940	813.982939	-0.000001		-30.4848			-20.2288		0.0000	0.0000	0.0000	0.00000000	2.001384	2.001384	-0.000000
carbon_dimer_quintet	2	0	5	269.422270	269.422265	-0.000005	-7.8100	-7.8100	0.0000	0.1030	0.1029	-0.0001	0.0000	0.0000	0.0000	0.00000000	6.013492	6.013491	-0.000001
